company_industry,count
revolutionize granular users,897
engineer proactive relationships,880
optimize world-class interfaces,876
deploy leading-edge niches,871
reinvent bricks-and-clicks partnerships,871
generate virtual e-commerce,870
implement dot-com content,868
generate global e-business,866
optimize turn-key communities,865
benchmark cutting-edge e-services,863
e-enable revolutionary web services,862
facilitate proactive bandwidth,860
transition enterprise paradigms,857
Manufacturing,856
empower distributed e-services,854
utilize dot-com paradigms,850
brand visionary relationships,849
transition sticky communities,842
Real Estate,840
utilize cross-media paradigms,837
e-enable interactive eyeballs,837
scale intuitive e-commerce,837
deliver collaborative portals,836
synthesize customized models,836
Retail,835
repurpose user-centric functionalities,835
Automotive,835
optimize impactful e-tailers,834
mesh robust partnerships,832
incubate dynamic e-tailers,831
transform extensible paradigms,830
embrace rich models,830
Tech,828
utilize out-of-the-box models,826
grow back-end synergies,826
cultivate global infrastructures,825
innovate cutting-edge functionalities,825
unleash plug-and-play infrastructures,824
re-intermediate intuitive niches,820
Finance,816
leverage integrated action-items,816
Healthcare,814
Education,810
matrix bricks-and-clicks e-tailers,809
facilitate end-to-end paradigms,808
facilitate efficient infrastructures,806
Government,806
reinvent ubiquitous users,804
iterate efficient platforms,801
implement next-generation e-services,801
leverage strategic action-items,799
monetize value-added supply-chains,798
implement frictionless eyeballs,797
streamline value-added experiences,796
integrate enterprise technologies,792
scale scalable solutions,790
orchestrate value-added eyeballs,789
Consulting,781
cultivate enterprise deliverables,771
visualize best-of-breed networks,730
